PRODUCT_ID,LOCATION,DELIVERY_TIME,PACKAGE_TYPE
P1,Mumbai,2,perishable
P2,Ahmedabad,7,fragile
P3,Vadodara,3,perishable
P4,Chennai,3,perishable
P5,Vadodara,4,fragile
P6,Mumbai,2,fragile
P7,Visakhapatnam,4,standard
P8,Vadodara,3,standard
P9,Ahmedabad,5,fragile
P10,Ludhiana,5,standard
P11,Indore,1,fragile
P12,Kolkata,4,perishable
P13,Vadodara,3,standard
P14,Surat,6,standard
P15,Jaipur,2,standard
P16,Pune,7,perishable
P17,Pune,6,perishable
P18,Ahmedabad,5,standard
P19,Bhopal,7,standard
P20,Visakhapatnam,7,fragile
P21,Pune,5,perishable
P22,Ahmedabad,4,perishable
P23,Indore,1,perishable
P24,Jaipur,3,perishable
P25,Hyderabad,2,standard
P26,Kolkata,7,fragile
P27,Ludhiana,3,perishable
P28,Bangalore,3,standard
P29,Pune,5,fragile
P30,Hyderabad,5,perishable
P31,Patna,6,standard
P32,Visakhapatnam,7,standard
P33,Jaipur,4,perishable
P34,Vadodara,2,fragile
P35,Ahmedabad,2,standard
P36,Vadodara,5,fragile
P37,Ahmedabad,5,perishable
P38,Ahmedabad,2,standard
P39,Coimbatore,3,perishable
P40,Nagpur,7,perishable
P41,Pune,2,fragile
P42,Indore,6,fragile
P43,Patna,3,fragile
P44,Coimbatore,1,perishable
P45,Ludhiana,2,standard
P46,Mumbai,6,perishable
P47,Delhi,5,fragile
P48,Coimbatore,3,standard
P49,Delhi,4,standard
P50,Delhi,2,fragile
P51,Ahmedabad,4,perishable
P52,Bangalore,5,perishable
P53,Hyderabad,6,fragile
P54,Ludhiana,7,perishable
P55,Kolkata,7,perishable
P56,Surat,5,fragile
P57,Chennai,5,fragile
P58,Bhopal,3,perishable
P59,Delhi,7,fragile
P60,Chandigarh,7,standard
P61,Mumbai,7,perishable
P62,Visakhapatnam,2,perishable
P63,Mumbai,3,standard
P64,Ahmedabad,4,fragile
P65,Ahmedabad,3,standard
P66,Visakhapatnam,3,fragile
P67,Coimbatore,4,perishable
P68,Lucknow,3,perishable
P69,Ludhiana,4,fragile
P70,Hyderabad,2,standard
P71,Ludhiana,3,perishable
P72,Ludhiana,1,fragile
P73,Nagpur,4,fragile
P74,Bangalore,1,fragile
P75,Hyderabad,5,perishable
P76,Jaipur,2,fragile
P77,Visakhapatnam,1,fragile
P78,Nagpur,5,perishable
P79,Indore,4,perishable
P80,Kolkata,4,standard
P81,Chennai,2,perishable
P82,Surat,1,perishable
P83,Delhi,7,perishable
P84,Lucknow,2,perishable
P85,Surat,5,perishable
P86,Ahmedabad,2,perishable
P87,Delhi,3,standard
P88,Delhi,4,standard
P89,Surat,3,perishable
P90,Coimbatore,2,perishable
P91,Coimbatore,2,perishable
P92,Bhopal,3,perishable
P93,Ahmedabad,2,perishable
P94,Lucknow,6,perishable
P95,Jaipur,1,fragile
P96,Nagpur,7,perishable
P97,Ahmedabad,3,perishable
P98,Ahmedabad,2,perishable
P99,Surat,2,standard
P100,Delhi,7,fragile
P101,Visakhapatnam,5,standard
P102,Bangalore,6,standard
P103,Kolkata,7,standard
P104,Jaipur,1,fragile
P105,Lucknow,6,perishable
P106,Chennai,7,fragile
P107,Lucknow,5,standard
P108,Patna,3,perishable
P109,Coimbatore,7,standard
P110,Mumbai,2,fragile
P111,Delhi,7,standard
P112,Patna,5,perishable
P113,Surat,3,fragile
P114,Lucknow,2,perishable
P115,Chennai,1,fragile
P116,Delhi,6,standard
P117,Lucknow,3,perishable
P118,Chandigarh,3,fragile
P119,Indore,2,standard
P120,Lucknow,6,standard
P121,Visakhapatnam,7,standard
P122,Jaipur,7,fragile
P123,Vadodara,6,fragile
P124,Chennai,5,standard
P125,Ludhiana,2,fragile
P126,Kolkata,4,standard
P127,Chandigarh,5,fragile
P128,Vadodara,3,fragile
P129,Pune,6,standard
P130,Mumbai,5,perishable
P131,Surat,4,perishable
P132,Surat,7,standard
P133,Mumbai,3,fragile
P134,Jaipur,1,perishable
P135,Ludhiana,3,perishable
P136,Jaipur,4,perishable
P137,Chennai,7,standard
P138,Chandigarh,7,fragile
P139,Pune,7,standard
P140,Ludhiana,1,fragile
P141,Ludhiana,3,perishable
P142,Chennai,7,fragile
P143,Bangalore,3,perishable
P144,Coimbatore,4,fragile
P145,Ahmedabad,2,perishable
P146,Nagpur,7,standard
P147,Visakhapatnam,5,perishable
P148,Pune,3,standard
P149,Ludhiana,5,fragile
P150,Hyderabad,6,standard
P151,Ahmedabad,7,fragile
P152,Jaipur,5,fragile
P153,Chandigarh,4,fragile
P154,Ahmedabad,6,standard
P155,Bhopal,6,standard
P156,Coimbatore,7,standard
P157,Pune,6,perishable
P158,Ludhiana,2,standard
P159,Pune,1,fragile
P160,Patna,1,standard
P161,Ahmedabad,1,standard
P162,Lucknow,4,perishable
P163,Pune,6,standard
P164,Visakhapatnam,7,fragile
P165,Vadodara,6,fragile
P166,Bhopal,6,fragile
P167,Bangalore,6,perishable
P168,Bangalore,7,standard
P169,Hyderabad,4,standard
P170,Delhi,3,fragile
P171,Nagpur,5,standard
P172,Kolkata,6,perishable
P173,Chandigarh,2,standard
P174,Jaipur,1,fragile
P175,Vadodara,5,fragile
P176,Jaipur,2,standard
P177,Bangalore,3,fragile
P178,Ludhiana,4,fragile
P179,Vadodara,5,standard
P180,Visakhapatnam,6,perishable
P181,Jaipur,2,standard
P182,Chandigarh,7,fragile
P183,Kolkata,7,standard
P184,Bhopal,3,standard
P185,Visakhapatnam,5,perishable
P186,Hyderabad,5,perishable
P187,Chennai,1,perishable
P188,Jaipur,1,perishable
P189,Nagpur,6,perishable
P190,Patna,1,fragile
P191,Mumbai,3,perishable
P192,Kolkata,1,standard
P193,Pune,3,standard
P194,Delhi,1,fragile
P195,Bangalore,7,standard
P196,Patna,2,fragile
P197,Chandigarh,2,fragile
P198,Delhi,7,standard
P199,Bangalore,6,perishable
P200,Ahmedabad,2,standard
P201,Pune,2,fragile
P202,Mumbai,7,fragile
P203,Vadodara,7,fragile
P204,Bangalore,7,perishable
P205,Ahmedabad,3,perishable
P206,Mumbai,1,fragile
P207,Ludhiana,1,standard
P208,Coimbatore,6,standard
P209,Kolkata,4,perishable
P210,Patna,3,fragile
P211,Vadodara,4,fragile
P212,Chennai,7,standard
P213,Hyderabad,1,fragile
P214,Kolkata,2,fragile
P215,Chandigarh,6,standard
P216,Vadodara,2,fragile
P217,Chennai,4,fragile
P218,Ludhiana,5,perishable
P219,Ahmedabad,4,fragile
P220,Coimbatore,1,fragile
P221,Kolkata,3,fragile
P222,Vadodara,1,perishable
P223,Lucknow,3,perishable
P224,Ahmedabad,5,fragile
P225,Lucknow,7,fragile
P226,Nagpur,7,fragile
P227,Mumbai,4,fragile
P228,Kolkata,3,standard
P229,Vadodara,2,perishable
P230,Bangalore,5,fragile
P231,Pune,1,perishable
P232,Mumbai,1,perishable
P233,Chennai,2,perishable
P234,Lucknow,4,perishable
P235,Nagpur,4,fragile
P236,Ahmedabad,4,standard
P237,Surat,6,perishable
P238,Surat,7,fragile
P239,Patna,2,standard
P240,Pune,7,standard
P241,Hyderabad,4,fragile
P242,Ahmedabad,4,perishable
P243,Lucknow,7,perishable
P244,Ludhiana,1,perishable
P245,Delhi,7,standard
P246,Bhopal,3,fragile
P247,Ludhiana,6,fragile
P248,Vadodara,2,perishable
P249,Kolkata,5,perishable
P250,Nagpur,4,standard
P251,Jaipur,6,fragile
P252,Vadodara,3,standard
P253,Patna,7,perishable
P254,Coimbatore,4,standard
P255,Lucknow,2,perishable
P256,Ludhiana,1,perishable
P257,Ludhiana,1,fragile
P258,Bangalore,2,perishable
P259,Ludhiana,6,perishable
P260,Indore,1,fragile
P261,Ahmedabad,1,perishable
P262,Ludhiana,1,perishable
P263,Mumbai,4,standard
P264,Kolkata,4,perishable
P265,Ahmedabad,3,perishable
P266,Ludhiana,4,perishable
P267,Chennai,2,standard
P268,Ahmedabad,6,fragile
P269,Bangalore,3,fragile
P270,Mumbai,4,fragile
P271,Ahmedabad,6,perishable
P272,Ludhiana,1,standard
P273,Ludhiana,6,perishable
P274,Pune,7,perishable
P275,Bhopal,4,standard
P276,Vadodara,1,perishable
P277,Jaipur,7,standard
P278,Ludhiana,3,perishable
P279,Nagpur,2,standard
P280,Hyderabad,2,fragile
P281,Ludhiana,1,perishable
P282,Surat,7,perishable
P283,Ludhiana,2,standard
P284,Bangalore,1,perishable
P285,Pune,6,standard
P286,Chennai,2,perishable
P287,Ludhiana,1,standard
P288,Surat,3,perishable
P289,Chennai,5,fragile
P290,Hyderabad,7,standard
P291,Pune,2,standard
P292,Jaipur,7,fragile
P293,Lucknow,5,fragile
P294,Jaipur,2,perishable
P295,Ludhiana,7,standard
P296,Ludhiana,6,standard
P297,Chandigarh,7,standard
P298,Pune,2,standard
P299,Ahmedabad,2,fragile
P300,Lucknow,2,fragile
P301,Lucknow,6,standard
P302,Indore,3,standard
P303,Delhi,7,perishable
P304,Nagpur,7,standard
P305,Kolkata,2,fragile
P306,Hyderabad,6,fragile
P307,Lucknow,2,perishable
P308,Coimbatore,1,fragile
P309,Ludhiana,1,standard
P310,Pune,1,fragile
P311,Pune,1,perishable
P312,Delhi,1,fragile
P313,Coimbatore,1,standard
P314,Nagpur,1,perishable
P315,Surat,3,perishable
P316,Mumbai,7,standard
P317,Ahmedabad,2,perishable
P318,Coimbatore,3,fragile
P319,Ahmedabad,6,standard
P320,Ludhiana,4,fragile
P321,Bangalore,6,perishable
P322,Nagpur,5,perishable
P323,Surat,3,standard
P324,Bhopal,1,standard
P325,Vadodara,5,fragile
P326,Nagpur,2,standard
P327,Surat,3,perishable
P328,Mumbai,5,standard
P329,Lucknow,7,standard
P330,Visakhapatnam,5,standard
P331,Chandigarh,2,perishable
P332,Bhopal,5,standard
P333,Visakhapatnam,2,perishable
P334,Pune,4,fragile
P335,Delhi,5,perishable
P336,Patna,7,fragile
P337,Nagpur,3,fragile
P338,Delhi,2,fragile
P339,Mumbai,3,perishable
P340,Jaipur,7,standard
P341,Bangalore,4,fragile
P342,Hyderabad,5,fragile
P343,Chandigarh,5,fragile
P344,Ludhiana,3,fragile
P345,Bangalore,4,perishable
P346,Lucknow,7,fragile
P347,Lucknow,7,fragile
P348,Visakhapatnam,7,standard
P349,Mumbai,7,standard
P350,Ahmedabad,2,perishable
P351,Hyderabad,2,standard
P352,Ahmedabad,1,standard
P353,Surat,1,fragile
P354,Kolkata,7,standard
P355,Chandigarh,2,perishable
P356,Bhopal,1,standard
P357,Ludhiana,3,standard
P358,Chandigarh,6,perishable
P359,Mumbai,3,standard
P360,Ahmedabad,1,perishable
P361,Pune,7,perishable
P362,Hyderabad,7,perishable
P363,Nagpur,2,standard
P364,Ahmedabad,6,perishable
P365,Mumbai,4,perishable
P366,Jaipur,6,standard
P367,Nagpur,5,perishable
P368,Hyderabad,7,standard
P369,Bhopal,6,perishable
P370,Surat,6,perishable
P371,Vadodara,1,standard
P372,Bhopal,7,fragile
P373,Patna,7,standard
P374,Chennai,2,perishable
P375,Lucknow,3,standard
P376,Indore,7,perishable
P377,Hyderabad,4,fragile
P378,Hyderabad,4,perishable
P379,Hyderabad,3,perishable
P380,Delhi,4,standard
P381,Patna,7,perishable
P382,Mumbai,6,standard
P383,Nagpur,5,standard
P384,Visakhapatnam,3,fragile
P385,Pune,1,perishable
P386,Patna,4,standard
P387,Coimbatore,4,fragile
P388,Jaipur,3,perishable
P389,Hyderabad,3,standard
P390,Nagpur,1,perishable
P391,Lucknow,5,fragile
P392,Bhopal,4,perishable
P393,Chennai,3,perishable
P394,Lucknow,1,perishable
P395,Vadodara,4,perishable
P396,Bangalore,1,fragile
P397,Kolkata,6,fragile
P398,Bangalore,7,perishable
P399,Bhopal,7,perishable
P400,Surat,4,fragile
P401,Surat,3,standard
P402,Indore,5,standard
P403,Kolkata,6,fragile
P404,Bangalore,6,fragile
P405,Nagpur,7,fragile
P406,Lucknow,6,fragile
P407,Pune,5,standard
P408,Indore,1,perishable
P409,Coimbatore,7,standard
P410,Vadodara,7,perishable
P411,Vadodara,7,perishable
P412,Hyderabad,2,fragile
P413,Chennai,6,fragile
P414,Chandigarh,5,perishable
P415,Bangalore,2,perishable
P416,Chennai,1,perishable
P417,Ludhiana,3,fragile
P418,Pune,5,standard
P419,Indore,3,standard
P420,Indore,2,perishable
P421,Indore,5,fragile
P422,Jaipur,5,standard
P423,Ahmedabad,1,fragile
P424,Surat,5,standard
P425,Jaipur,7,fragile
P426,Bhopal,7,standard
P427,Jaipur,7,perishable
P428,Delhi,3,fragile
P429,Bhopal,4,standard
P430,Pune,1,standard
P431,Kolkata,5,standard
P432,Chennai,5,perishable
P433,Surat,2,fragile
P434,Kolkata,7,perishable
P435,Visakhapatnam,3,standard
P436,Indore,4,fragile
P437,Visakhapatnam,4,standard
P438,Patna,3,fragile
P439,Ludhiana,6,standard
P440,Indore,2,standard
P441,Surat,7,fragile
P442,Visakhapatnam,2,perishable
P443,Visakhapatnam,7,fragile
P444,Vadodara,3,standard
P445,Vadodara,6,perishable
P446,Chennai,2,standard
P447,Chennai,5,perishable
P448,Pune,3,standard
P449,Chennai,1,perishable
P450,Mumbai,4,standard
P451,Indore,3,fragile
P452,Bangalore,2,fragile
P453,Chandigarh,4,fragile
P454,Jaipur,2,perishable
P455,Chandigarh,6,fragile
P456,Lucknow,1,fragile
P457,Mumbai,3,fragile
P458,Chandigarh,3,perishable
P459,Mumbai,2,fragile
P460,Bhopal,7,fragile
P461,Vadodara,2,standard
P462,Visakhapatnam,7,fragile
P463,Pune,2,standard
P464,Surat,5,fragile
P465,Mumbai,6,standard
P466,Lucknow,2,standard
P467,Ludhiana,7,standard
P468,Bangalore,5,perishable
P469,Mumbai,1,fragile
P470,Vadodara,4,standard
P471,Indore,3,standard
P472,Visakhapatnam,2,fragile
P473,Lucknow,6,standard
P474,Patna,4,fragile
P475,Jaipur,4,fragile
P476,Indore,4,fragile
P477,Visakhapatnam,4,fragile
P478,Hyderabad,7,perishable
P479,Lucknow,1,standard
P480,Kolkata,3,fragile
P481,Hyderabad,7,fragile
P482,Kolkata,2,perishable
P483,Chennai,6,standard
P484,Nagpur,5,perishable
P485,Ludhiana,1,standard
P486,Lucknow,2,standard
P487,Coimbatore,1,standard
P488,Ahmedabad,2,standard
P489,Mumbai,4,fragile
P490,Lucknow,4,perishable
P491,Kolkata,1,standard
P492,Surat,3,standard
P493,Coimbatore,2,fragile
P494,Vadodara,7,fragile
P495,Ahmedabad,4,fragile
P496,Nagpur,2,fragile
P497,Pune,6,perishable
P498,Indore,7,standard
P499,Bangalore,1,fragile
P500,Vadodara,6,standard
P501,Pune,7,fragile
P502,Coimbatore,1,perishable
P503,Mumbai,6,perishable
P504,Nagpur,7,perishable
P505,Ahmedabad,3,standard
P506,Bangalore,3,standard
P507,Bhopal,3,fragile
P508,Indore,1,standard
P509,Hyderabad,5,perishable
P510,Mumbai,2,fragile
P511,Patna,7,standard
P512,Chennai,2,fragile
P513,Coimbatore,6,standard
P514,Ahmedabad,5,perishable
P515,Ahmedabad,5,fragile
P516,Indore,4,standard
P517,Indore,6,perishable
P518,Surat,4,fragile
P519,Surat,5,standard
P520,Chandigarh,3,fragile
P521,Ludhiana,4,standard
P522,Ahmedabad,3,fragile
P523,Pune,5,fragile
P524,Surat,7,fragile
P525,Pune,4,fragile
P526,Patna,5,perishable
P527,Chennai,4,fragile
P528,Lucknow,5,perishable
P529,Pune,6,fragile
P530,Jaipur,7,perishable
P531,Visakhapatnam,1,fragile
P532,Mumbai,2,standard
P533,Chennai,7,fragile
P534,Nagpur,3,perishable
P535,Hyderabad,1,standard
P536,Nagpur,7,fragile
P537,Patna,2,fragile
P538,Indore,7,fragile
P539,Coimbatore,2,standard
P540,Vadodara,6,fragile
P541,Bhopal,5,fragile
P542,Delhi,1,perishable
P543,Mumbai,5,fragile
P544,Coimbatore,3,standard
P545,Patna,2,perishable
P546,Vadodara,3,standard
P547,Kolkata,4,standard
P548,Ahmedabad,4,perishable
P549,Chandigarh,6,standard
P550,Coimbatore,7,perishable
P551,Hyderabad,3,fragile
P552,Jaipur,6,perishable
P553,Bangalore,1,standard
P554,Bhopal,4,fragile
P555,Chandigarh,7,fragile
P556,Chandigarh,2,perishable
P557,Indore,6,fragile
P558,Delhi,6,standard
P559,Kolkata,7,standard
P560,Jaipur,7,standard
P561,Surat,3,fragile
P562,Coimbatore,1,perishable
P563,Jaipur,4,standard
P564,Bangalore,6,perishable
P565,Bangalore,1,perishable
P566,Nagpur,3,perishable
P567,Kolkata,5,standard
P568,Lucknow,1,fragile
P569,Chandigarh,7,fragile
P570,Ahmedabad,3,perishable
P571,Pune,6,standard
P572,Coimbatore,2,perishable
P573,Delhi,2,standard
P574,Delhi,1,standard
P575,Kolkata,7,fragile
P576,Ahmedabad,3,standard
P577,Jaipur,3,standard
P578,Visakhapatnam,6,perishable
P579,Visakhapatnam,6,standard
P580,Ahmedabad,2,standard
P581,Chennai,3,perishable
P582,Kolkata,6,perishable
P583,Vadodara,5,fragile
P584,Chennai,7,perishable
P585,Coimbatore,2,standard
P586,Jaipur,6,fragile
P587,Coimbatore,4,standard
P588,Ahmedabad,2,fragile
P589,Hyderabad,5,standard
P590,Indore,3,perishable
P591,Bangalore,3,standard
P592,Ahmedabad,7,perishable
P593,Mumbai,3,fragile
P594,Nagpur,1,perishable
P595,Chennai,1,perishable
P596,Chandigarh,4,perishable
P597,Ludhiana,6,perishable
P598,Nagpur,7,standard
P599,Lucknow,3,fragile
P600,Ludhiana,7,standard
P601,Chandigarh,3,perishable
P602,Delhi,5,perishable
P603,Nagpur,6,fragile
P604,Patna,2,perishable
P605,Patna,3,fragile
P606,Bhopal,5,fragile
P607,Delhi,1,standard
P608,Surat,4,standard
P609,Chennai,3,standard
P610,Bangalore,2,perishable
P611,Nagpur,6,fragile
P612,Mumbai,1,standard
P613,Coimbatore,1,perishable
P614,Ludhiana,7,fragile
P615,Kolkata,5,fragile
P616,Indore,5,fragile
P617,Pune,2,perishable
P618,Vadodara,7,perishable
P619,Pune,3,perishable
P620,Kolkata,1,perishable
P621,Pune,4,perishable
P622,Pune,5,standard
P623,Visakhapatnam,2,fragile
P624,Coimbatore,4,standard
P625,Vadodara,5,fragile
P626,Patna,3,standard
P627,Chandigarh,7,standard
P628,Coimbatore,4,fragile
P629,Pune,7,fragile
P630,Jaipur,2,perishable
P631,Indore,3,standard
P632,Chennai,6,fragile
P633,Vadodara,7,fragile
P634,Hyderabad,7,standard
P635,Bhopal,3,perishable
P636,Bangalore,4,standard
P637,Lucknow,5,standard
P638,Visakhapatnam,3,standard
P639,Jaipur,1,standard
P640,Visakhapatnam,3,fragile
P641,Visakhapatnam,2,fragile
P642,Bhopal,5,fragile
P643,Visakhapatnam,4,standard
P644,Patna,4,fragile
P645,Pune,1,standard
P646,Jaipur,6,standard
P647,Patna,5,fragile
P648,Surat,6,standard
P649,Indore,2,standard
P650,Pune,4,perishable
P651,Kolkata,2,perishable
P652,Bhopal,2,perishable
P653,Coimbatore,3,perishable
P654,Indore,7,perishable
P655,Chennai,3,perishable
P656,Kolkata,6,perishable
P657,Patna,3,standard
P658,Delhi,1,perishable
P659,Pune,7,standard
P660,Ludhiana,1,perishable
P661,Mumbai,4,standard
P662,Visakhapatnam,5,fragile
P663,Jaipur,5,fragile
P664,Bangalore,4,standard
P665,Bangalore,6,standard
P666,Visakhapatnam,6,standard
P667,Hyderabad,5,fragile
P668,Lucknow,2,perishable
P669,Surat,3,standard
P670,Kolkata,6,perishable
P671,Ahmedabad,2,standard
P672,Nagpur,4,fragile
P673,Patna,7,fragile
P674,Delhi,2,fragile
P675,Hyderabad,5,perishable
P676,Mumbai,5,standard
P677,Chennai,1,fragile
P678,Jaipur,1,standard
P679,Kolkata,3,standard
P680,Jaipur,6,standard
P681,Mumbai,4,perishable
P682,Hyderabad,6,standard
P683,Coimbatore,4,fragile
P684,Hyderabad,3,standard
P685,Vadodara,3,perishable
P686,Indore,4,perishable
P687,Vadodara,5,fragile
P688,Lucknow,6,standard
P689,Patna,7,fragile
P690,Nagpur,7,perishable
P691,Jaipur,6,standard
P692,Chandigarh,7,perishable
P693,Chandigarh,1,standard
P694,Bangalore,7,standard
P695,Hyderabad,5,fragile
P696,Pune,3,standard
P697,Chandigarh,1,perishable
P698,Vadodara,1,fragile
P699,Ahmedabad,3,perishable
P700,Delhi,5,perishable
P701,Patna,3,standard
P702,Pune,2,perishable
P703,Coimbatore,2,fragile
P704,Coimbatore,3,standard
P705,Ludhiana,1,perishable
P706,Chennai,4,perishable
P707,Visakhapatnam,4,standard
P708,Nagpur,4,standard
P709,Pune,4,standard
P710,Pune,2,fragile
P711,Nagpur,3,standard
P712,Visakhapatnam,1,fragile
P713,Bangalore,4,perishable
P714,Surat,5,standard
P715,Bhopal,5,standard
P716,Bangalore,2,perishable
P717,Patna,1,fragile
P718,Kolkata,3,standard
P719,Surat,6,perishable
P720,Chandigarh,7,perishable
P721,Delhi,2,standard
P722,Kolkata,3,perishable
P723,Chandigarh,6,fragile
P724,Kolkata,1,standard
P725,Visakhapatnam,6,perishable
P726,Mumbai,4,perishable
P727,Nagpur,1,perishable
P728,Indore,1,perishable
P729,Bhopal,3,perishable
P730,Mumbai,6,fragile
P731,Kolkata,3,fragile
P732,Chandigarh,1,fragile
P733,Indore,2,fragile
P734,Chandigarh,2,perishable
P735,Bangalore,2,standard
P736,Indore,5,fragile
P737,Bangalore,3,perishable
P738,Coimbatore,4,fragile
P739,Chandigarh,4,perishable
P740,Pune,4,perishable
P741,Ahmedabad,1,fragile
P742,Chandigarh,6,fragile
P743,Visakhapatnam,7,fragile
P744,Visakhapatnam,3,standard
P745,Ahmedabad,5,perishable
P746,Kolkata,1,standard
P747,Vadodara,7,standard
P748,Surat,3,standard
P749,Pune,5,perishable
P750,Mumbai,3,fragile
P751,Surat,3,fragile
P752,Mumbai,1,fragile
P753,Bangalore,7,fragile
P754,Coimbatore,2,perishable
P755,Visakhapatnam,7,standard
P756,Delhi,7,standard
P757,Surat,1,fragile
P758,Vadodara,6,standard
P759,Bangalore,4,fragile
P760,Hyderabad,5,perishable
P761,Chandigarh,3,perishable
P762,Visakhapatnam,2,perishable
P763,Ludhiana,2,fragile
P764,Ahmedabad,5,perishable
P765,Kolkata,5,standard
P766,Delhi,2,perishable
P767,Chennai,7,perishable
P768,Indore,1,fragile
P769,Visakhapatnam,5,fragile
P770,Kolkata,2,standard
P771,Hyderabad,2,standard
P772,Visakhapatnam,5,standard
P773,Ludhiana,6,standard
P774,Lucknow,7,perishable
P775,Mumbai,4,standard
P776,Delhi,3,standard
P777,Delhi,5,fragile
P778,Jaipur,5,perishable
P779,Surat,1,fragile
P780,Indore,1,perishable
P781,Patna,7,fragile
P782,Chandigarh,7,fragile
P783,Ludhiana,3,perishable
P784,Pune,6,perishable
P785,Indore,7,perishable
P786,Bangalore,2,fragile
P787,Chandigarh,6,perishable
P788,Kolkata,6,perishable
P789,Delhi,4,standard
P790,Bangalore,6,standard
P791,Lucknow,3,fragile
P792,Ludhiana,7,perishable
P793,Pune,3,perishable
P794,Surat,7,standard
P795,Patna,2,perishable
P796,Surat,1,fragile
P797,Kolkata,4,fragile
P798,Vadodara,2,standard
P799,Bhopal,7,perishable
P800,Bhopal,3,standard
P801,Hyderabad,7,fragile
P802,Ahmedabad,7,standard
P803,Vadodara,6,fragile
P804,Jaipur,1,standard
P805,Nagpur,6,perishable
P806,Ahmedabad,3,fragile
P807,Delhi,3,fragile
P808,Nagpur,2,fragile
P809,Kolkata,5,fragile
P810,Vadodara,2,standard
P811,Delhi,5,fragile
P812,Nagpur,4,standard
P813,Ahmedabad,2,fragile
P814,Indore,7,perishable
P815,Delhi,6,standard
P816,Mumbai,7,perishable
P817,Kolkata,6,standard
P818,Chandigarh,6,perishable
P819,Vadodara,5,fragile
P820,Nagpur,3,fragile
P821,Coimbatore,3,standard
P822,Pune,6,perishable
P823,Ludhiana,1,standard
P824,Chandigarh,3,perishable
P825,Indore,5,standard
P826,Vadodara,7,fragile
P827,Pune,4,standard
P828,Delhi,1,fragile
P829,Indore,5,standard
P830,Kolkata,4,perishable
P831,Nagpur,5,standard
P832,Jaipur,3,standard
P833,Surat,6,standard
P834,Patna,5,standard
P835,Visakhapatnam,4,perishable
P836,Mumbai,6,fragile
P837,Ludhiana,5,perishable
P838,Nagpur,6,standard
P839,Nagpur,7,standard
P840,Ludhiana,5,standard
P841,Lucknow,6,perishable
P842,Surat,3,perishable
P843,Delhi,5,fragile
P844,Vadodara,4,perishable
P845,Ludhiana,2,fragile
P846,Chennai,7,standard
P847,Vadodara,1,perishable
P848,Bhopal,5,perishable
P849,Jaipur,6,perishable
P850,Lucknow,7,standard
P851,Mumbai,6,fragile
P852,Nagpur,3,perishable
P853,Delhi,7,standard
P854,Ludhiana,3,perishable
P855,Mumbai,7,standard
P856,Nagpur,1,standard
P857,Bhopal,7,perishable
P858,Vadodara,2,perishable
P859,Bangalore,2,standard
P860,Bhopal,7,standard
P861,Patna,6,standard
P862,Patna,5,perishable
P863,Patna,3,fragile
P864,Bhopal,3,standard
P865,Visakhapatnam,4,standard
P866,Bhopal,7,fragile
P867,Patna,5,perishable
P868,Chandigarh,5,fragile
P869,Nagpur,2,fragile
P870,Lucknow,2,perishable
P871,Nagpur,1,perishable
P872,Kolkata,7,perishable
P873,Bangalore,5,standard
P874,Nagpur,2,standard
P875,Surat,5,perishable
P876,Ludhiana,3,standard
P877,Chandigarh,6,standard
P878,Coimbatore,2,fragile
P879,Chennai,7,standard
P880,Ahmedabad,1,standard
P881,Delhi,5,standard
P882,Surat,2,fragile
P883,Jaipur,4,standard
P884,Visakhapatnam,1,standard
P885,Coimbatore,3,perishable
P886,Delhi,1,standard
P887,Surat,4,standard
P888,Ahmedabad,2,standard
P889,Pune,7,perishable
P890,Ahmedabad,6,standard
P891,Jaipur,1,perishable
P892,Ahmedabad,7,standard
P893,Mumbai,2,fragile
P894,Coimbatore,5,standard
P895,Coimbatore,5,standard
P896,Mumbai,1,standard
P897,Mumbai,7,standard
P898,Pune,5,perishable
P899,Nagpur,7,perishable
P900,Nagpur,3,fragile
P901,Pune,4,perishable
P902,Bangalore,3,standard
P903,Kolkata,5,standard
P904,Delhi,2,fragile
P905,Ludhiana,1,fragile
P906,Chennai,7,fragile
P907,Ahmedabad,3,perishable
P908,Ahmedabad,1,perishable
P909,Kolkata,5,fragile
P910,Bangalore,6,fragile
P911,Lucknow,4,fragile
P912,Lucknow,6,fragile
P913,Ahmedabad,4,standard
P914,Hyderabad,4,standard
P915,Chennai,1,fragile
P916,Surat,4,fragile
P917,Delhi,2,perishable
P918,Patna,4,perishable
P919,Bangalore,7,fragile
P920,Bhopal,5,standard
P921,Surat,7,perishable
P922,Coimbatore,2,fragile
P923,Coimbatore,4,fragile
P924,Patna,3,fragile
P925,Mumbai,5,fragile
P926,Nagpur,4,standard
P927,Pune,3,fragile
P928,Surat,5,standard
P929,Visakhapatnam,3,fragile
P930,Ludhiana,4,fragile
P931,Chennai,1,standard
P932,Surat,3,perishable
P933,Hyderabad,6,standard
P934,Kolkata,7,perishable
P935,Bangalore,5,perishable
P936,Coimbatore,3,standard
P937,Bhopal,4,fragile
P938,Ahmedabad,5,perishable
P939,Nagpur,1,perishable
P940,Mumbai,6,perishable
P941,Hyderabad,2,perishable
P942,Indore,7,fragile
P943,Ludhiana,4,fragile
P944,Visakhapatnam,7,fragile
P945,Ahmedabad,3,standard
P946,Chennai,3,fragile
P947,Bangalore,6,perishable
P948,Coimbatore,2,perishable
P949,Jaipur,1,perishable
P950,Mumbai,5,fragile
P951,Coimbatore,1,standard
P952,Mumbai,4,fragile
P953,Delhi,6,standard
P954,Lucknow,2,fragile
P955,Chandigarh,4,perishable
P956,Indore,3,fragile
P957,Ludhiana,5,standard
P958,Chandigarh,4,standard
P959,Bhopal,2,standard
P960,Indore,6,perishable
P961,Ahmedabad,5,standard
P962,Nagpur,2,fragile
P963,Chandigarh,6,fragile
P964,Visakhapatnam,2,standard
P965,Kolkata,2,perishable
P966,Indore,6,standard
P967,Ludhiana,4,perishable
P968,Surat,1,standard
P969,Kolkata,1,standard
P970,Ludhiana,5,standard
P971,Chennai,5,perishable
P972,Delhi,3,fragile
P973,Nagpur,4,perishable
P974,Hyderabad,2,perishable
P975,Nagpur,5,perishable
P976,Visakhapatnam,7,standard
P977,Delhi,2,standard
P978,Patna,7,fragile
P979,Delhi,1,fragile
P980,Surat,3,standard
P981,Delhi,7,fragile
P982,Pune,1,fragile
P983,Mumbai,2,perishable
P984,Vadodara,5,fragile
P985,Coimbatore,6,perishable
P986,Mumbai,2,standard
P987,Surat,4,fragile
P988,Delhi,6,standard
P989,Delhi,5,standard
P990,Kolkata,3,fragile
P991,Hyderabad,7,fragile
P992,Pune,3,perishable
P993,Patna,2,standard
P994,Bangalore,7,fragile
P995,Surat,2,fragile
P996,Vadodara,2,perishable
P997,Patna,3,fragile
P998,Coimbatore,1,fragile
P999,Surat,1,standard
P1000,Ludhiana,4,standard
